Crop,1983,1984,1985,1986,1987,1988,1989,1990,1991,1992,1993,1994,1995,1996,1997,1998,1999,2000,2001,2002,2003,2004,2005,2006,2007,2008,2009,revised,2010,2011,2012,2013,2014,2015,2016,2017,2018(g),2019
total,..,4 949,5 012,5 024,5 073,5 046,4 931,4 806,4 753,4 784,4 332,4 281,4 356,4 533,4 806,4 791,4 530,4 493,4 283,4 398,4 301,4 413,4 251,4 231,4 271,4 565,4 523,4 437,4 441,4 497,4 576,4 502,4 559,4 505,4 505,4 577,4 502,4 551
wheat,..,1 939,1 902,1 998,1 994,1 886,2 083,2 014,1 981,2 067,1 759,1 811,1 859,1 976,2 036,2 045,1 847,2 086,1 635,1 996,1 836,1 990,1 867,1 836,1 830,2 080,1 814,1 775,1 939,1 969,1 992,1 615,1 936,1 832,1 823,1 792,1 748,1 816
barley,..,1 980,1 967,1 918,1 833,1 881,1 654,1 518,1 395,1 299,1 166,1 108,1 193,1 269,1 359,1 253,1 179,1 128,1 245,1 101,1 076,1 007,938,881,898,1 032,1 160,1 143,921,970,1 002,1 213,1 080,1 101,1 122,1 177,1 138,1 162
oats,..,105,133,97,99,121,119,107,104,100,92,109,112,96,100,98,92,109,112,126,121,108,90,121,129,135,131,129,124,109,122,177,137,131,141,161,171,182
"rye, mixed corn & triticale",..,14,15,14,14,14,20,22,23,22,16,16,18,18,20,22,23,25,21,23,23,25,24,25,27,27,28,28,29,27,26,24,26,35,45,52,49,51
oilseed rape,..,269,296,299,388,347,321,390,440,421,377,404,354,356,445,507,417,332,404,357,460,498,519,568,674,598,581,570,642,705,756,715,675,652,579,562,583,530
linseed (d),..,..,..,..,..,..,17,34,92,144,150,58,54,49,73,100,209,71,31,12,32,29,45,36,13,16,29,28,44,36,29,34,15,15,27,26,25,15
potatoes,..,198,191,178,178,181,175,177,177,181,171,164,172,178,166,164,178,166,165,158,145,148,137,140,140,144,149,144,138,146,149,139,141,129,139,145,140,144
sugar beet (not for stockfeeding),..,199,205,205,203,201,197,194,196,197,197,195,196,199,196,189,183,173,177,169,162,154,148,130,125,120,116,114,118,113,120,117,116,90,86,111,114,108
peas for harvesting dry and field beans,..,88,137,150,208,260,215,216,203,208,244,228,195,178,197,213,202,208,276,249,235,242,239,231,161,148,233,228,210,155,120,147,139,213,228,233,193,178
maize,..,16,20,23,23,24,25,34,44,51,73,94,106,111,110,102,107,104,129,121,119,118,131,137,146,153,166,163,164,164,158,194,183,187,194,197,221,228
,,,,,,,,,,,,,,,,,,,,,,,,,,,,,,,,,,,,,,
,,,,,,,,,,,,,,,,,,,,,,,,,,,,,,,,,,,,,,
,,,,,,,,,,,,,,,,,,,,,,,,,,,,,,,,,,,,,,
,,,,,,,,,,,,,,,,,,,,,,,,,,,,,,,,,,,,,,
,,,,,,,,,,,,,,,,,,,,,,,,,,,,,,,,,,,,,,
,,,,,,,,,,,,,,,,,,,,,,,,,,,,,,,,,,,,,,
,,,,,,,,,,,,,,,,,,,,,,,,,,,,,,,,,,,,,,
,,,,,,,,,,,,,,,,,,,,,,,,,,,,,,,,,,,,,,
,,,,,,,,,,,,,,,,,,,,,,,,,,,,,,,,,,,,,,
,,,,,,,,,,,,,,,,,,,,,,,,,,,,,,,,,,,,,,
,,,,,,,,,,,,,,,,,,,,,,,,,,,,,,,,,,,,,,
,,,,,,,,,,,,,,,,,,,,,,,,,,,,,,,,,,,,,,
,,,,,,,,,,,,,,,,,,,,,,,,,,,,,,,,,,,,,,
,,,,,,,,,,,,,,,,,,,,,,,,,,,,,,,,,,,,,,
,,,,,,,,,,,,,,,,,,,,,,,,,,,,,,,,,,,,,,
,,,,,,,,,,,,,,,,,,,,,,,,,,,,,,,,,,,,,,
,,,,,,,,,,,,,,,,,,,,,,,,,,,,,,,,,,,,,,
,,,,,,,,,,,,,,,,,,,,,,,,,,,,,,,,,,,,,,
,,,,,,,,,,,,,,,,,,,,,,,,,,,,,,,,,,,,,,
,,,,,,,,,,,,,,,,,,,,,,,,,,,,,,,,,,,,,,
,,,,,,,,,,,,,,,,,,,,,,,,,,,,,,,,,,,,,,
,,,,,,,,,,,,,,,,,,,,,,,,,,,,,,,,,,,,,,
,,,,,,,,,,,,,,,,,,,,,,,,,,,,,,,,,,,,,,
,,,,,,,,,,,,,,,,,,,,,,,,,,,,,,,,,,,,,,
,,,,,,,,,,,,,,,,,,,,,,,,,,,,,,,,,,,,,,
,,,,,,,,,,,,,,,,,,,,,,,,,,,,,,,,,,,,,,
,,,,,,,,,,,,,,,,,,,,,,,,,,,,,,,,,,,,,,
,,,,,,,,,,,,,,,,,,,,,,,,,,,,,,,,,,,,,,
,,,,,,,,,,,,,,,,,,,,,,,,,,,,,,,,,,,,,,
,,,,,,,,,,,,,,,,,,,,,,,,,,,,,,,,,,,,,,
,,,,,,,,,,,,,,,,,,,,,,,,,,,,,,,,,,,,,,
,,,,,,,,,,,,,,,,,,,,,,,,,,,,,,,,,,,,,,
,,,,,,,,,,,,,,,,,,,,,,,,,,,,,,,,,,,,,,
,,,,,,,,,,,,,,,,,,,,,,,,,,,,,,,,,,,,,,
,,,,,,,,,,,,,,,,,,,,,,,,,,,,,,,,,,,,,,
,,,,,,,,,,,,,,,,,,,,,,,,,,,,,,,,,,,,,,
,,,,,,,,,,,,,,,,,,,,,,,,,,,,,,,,,,,,,,
,,,,,,,,,,,,,,,,,,,,,,,,,,,,,,,,,,,,,,
,,,,,,,,,,,,,,,,,,,,,,,,,,,,,,,,,,,,,,
,,,,,,,,,,,,,,,,,,,,,,,,,,,,,,,,,,,,,,
,,,,,,,,,,,,,,,,,,,,,,,,,,,,,,,,,,,,,,
,,,,,,,,,,,,,,,,,,,,,,,,,,,,,,,,,,,,,,
,,,,,,,,,,,,,,,,,,,,,,,,,,,,,,,,,,,,,,
,,,,,,,,,,,,,,,,,,,,,,,,,,,,,,,,,,,,,,
,,,,,,,,,,,,,,,,,,,,,,,,,,,,,,,,,,,,,,
,,,,,,,,,,,,,,,,,,,,,,,,,,,,,,,,,,,,,,
,,,,,,,,,,,,,,,,,,,,,,,,,,,,,,,,,,,,,,
,,,,,,,,,,,,,,,,,,,,,,,,,,,,,,,,,,,,,,
,,,,,,,,,,,,,,,,,,,,,,,,,,,,,,,,,,,,,,
,,,,,,,,,,,,,,,,,,,,,,,,,,,,,,,,,,,,,,
,,,,,,,,,,,,,,,,,,,,,,,,,,,,,,,,,,,,,,
,,,,,,,,,,,,,,,,,,,,,,,,,,,,,,,,,,,,,,
,,,,,,,,,,,,,,,,,,,,,,,,,,,,,,,,,,,,,,
,,,,,,,,,,,,,,,,,,,,,,,,,,,,,,,,,,,,,,
,,,,,,,,,,,,,,,,,,,,,,,,,,,,,,,,,,,,,,
,,,,,,,,,,,,,,,,,,,,,,,,,,,,,,,,,,,,,,
,,,,,,,,,,,,,,,,,,,,,,,,,,,,,,,,,,,,,,
,,,,,,,,,,,,,,,,,,,,,,,,,,,,,,,,,,,,,,
,,,,,,,,,,,,,,,,,,,,,,,,,,,,,,,,,,,,,,
,,,,,,,,,,,,,,,,,,,,,,,,,,,,,,,,,,,,,,
,,,,,,,,,,,,,,,,,,,,,,,,,,,,,,,,,,,,,,
,,,,,,,,,,,,,,,,,,,,,,,,,,,,,,,,,,,,,,
,,,,,,,,,,,,,,,,,,,,,,,,,,,,,,,,,,,,,,
,,,,,,,,,,,,,,,,,,,,,,,,,,,,,,,,,,,,,,
,,,,,,,,,,,,,,,,,,,,,,,,,,,,,,,,,,,,,,
,,,,,,,,,,,,,,,,,,,,,,,,,,,,,,,,,,,,,,
,,,,,,,,,,,,,,,,,,,,,,,,,,,,,,,,,,,,,,
,,,,,,,,,,,,,,,,,,,,,,,,,,,,,,,,,,,,,,
,,,,,,,,,,,,,,,,,,,,,,,,,,,,,,,,,,,,,,
,,,,,,,,,,,,,,,,,,,,,,,,,,,,,,,,,,,,,,
,,,,,,,,,,,,,,,,,,,,,,,,,,,,,,,,,,,,,,
,,,,,,,,,,,,,,,,,,,,,,,,,,,,,,,,,,,,,,
,,,,,,,,,,,,,,,,,,,,,,,,,,,,,,,,,,,,,,
,,,,,,,,,,,,,,,,,,,,,,,,,,,,,,,,,,,,,,
,,,,,,,,,,,,,,,,,,,,,,,,,,,,,,,,,,,,,,
,,,,,,,,,,,,,,,,,,,,,,,,,,,,,,,,,,,,,,
,,,,,,,,,,,,,,,,,,,,,,,,,,,,,,,,,,,,,,
,,,,,,,,,,,,,,,,,,,,,,,,,,,,,,,,,,,,,,
,,,,,,,,,,,,,,,,,,,,,,,,,,,,,,,,,,,,,,
,,,,,,,,,,,,,,,,,,,,,,,,,,,,,,,,,,,,,,
,,,,,,,,,,,,,,,,,,,,,,,,,,,,,,,,,,,,,,
,,,,,,,,,,,,,,,,,,,,,,,,,,,,,,,,,,,,,,
,,,,,,,,,,,,,,,,,,,,,,,,,,,,,,,,,,,,,,
,,,,,,,,,,,,,,,,,,,,,,,,,,,,,,,,,,,,,,
,,,,,,,,,,,,,,,,,,,,,,,,,,,,,,,,,,,,,,
,,,,,,,,,,,,,,,,,,,,,,,,,,,,,,,,,,,,,,
,,,,,,,,,,,,,,,,,,,,,,,,,,,,,,,,,,,,,,
,,,,,,,,,,,,,,,,,,,,,,,,,,,,,,,,,,,,,,
,,,,,,,,,,,,,,,,,,,,,,,,,,,,,,,,,,,,,,
,,,,,,,,,,,,,,,,,,,,,,,,,,,,,,,,,,,,,,
,,,,,,,,,,,,,,,,,,,,,,,,,,,,,,,,,,,,,,
,,,,,,,,,,,,,,,,,,,,,,,,,,,,,,,,,,,,,,
,,,,,,,,,,,,,,,,,,,,,,,,,,,,,,,,,,,,,,
,,,,,,,,,,,,,,,,,,,,,,,,,,,,,,,,,,,,,,
,,,,,,,,,,,,,,,,,,,,,,,,,,,,,,,,,,,,,,
,,,,,,,,,,,,,,,,,,,,,,,,,,,,,,,,,,,,,,
,,,,,,,,,,,,,,,,,,,,,,,,,,,,,,,,,,,,,,
,,,,,,,,,,,,,,,,,,,,,,,,,,,,,,,,,,,,,,
,,,,,,,,,,,,,,,,,,,,,,,,,,,,,,,,,,,,,,
,,,,,,,,,,,,,,,,,,,,,,,,,,,,,,,,,,,,,,
,,,,,,,,,,,,,,,,,,,,,,,,,,,,,,,,,,,,,,
,,,,,,,,,,,,,,,,,,,,,,,,,,,,,,,,,,,,,,
,,,,,,,,,,,,,,,,,,,,,,,,,,,,,,,,,,,,,,
,,,,,,,,,,,,,,,,,,,,,,,,,,,,,,,,,,,,,,
,,,,,,,,,,,,,,,,,,,,,,,,,,,,,,,,,,,,,,
,,,,,,,,,,,,,,,,,,,,,,,,,,,,,,,,,,,,,,
,,,,,,,,,,,,,,,,,,,,,,,,,,,,,,,,,,,,,,
,,,,,,,,,,,,,,,,,,,,,,,,,,,,,,,,,,,,,,
,,,,,,,,,,,,,,,,,,,,,,,,,,,,,,,,,,,,,,
,,,,,,,,,,,,,,,,,,,,,,,,,,,,,,,,,,,,,,
,,,,,,,,,,,,,,,,,,,,,,,,,,,,,,,,,,,,,,
,,,,,,,,,,,,,,,,,,,,,,,,,,,,,,,,,,,,,,
,,,,,,,,,,,,,,,,,,,,,,,,,,,,,,,,,,,,,,
,,,,,,,,,,,,,,,,,,,,,,,,,,,,,,,,,,,,,,
,,,,,,,,,,,,,,,,,,,,,,,,,,,,,,,,,,,,,,
,,,,,,,,,,,,,,,,,,,,,,,,,,,,,,,,,,,,,,
,,,,,,,,,,,,,,,,,,,,,,,,,,,,,,,,,,,,,,
,,,,,,,,,,,,,,,,,,,,,,,,,,,,,,,,,,,,,,
,,,,,,,,,,,,,,,,,,,,,,,,,,,,,,,,,,,,,,
,,,,,,,,,,,,,,,,,,,,,,,,,,,,,,,,,,,,,,
,,,,,,,,,,,,,,,,,,,,,,,,,,,,,,,,,,,,,,
,,,,,,,,,,,,,,,,,,,,,,,,,,,,,,,,,,,,,,
,,,,,,,,,,,,,,,,,,,,,,,,,,,,,,,,,,,,,,
,,,,,,,,,,,,,,,,,,,,,,,,,,,,,,,,,,,,,,
,,,,,,,,,,,,,,,,,,,,,,,,,,,,,,,,,,,,,,
,,,,,,,,,,,,,,,,,,,,,,,,,,,,,,,,,,,,,,
,,,,,,,,,,,,,,,,,,,,,,,,,,,,,,,,,,,,,,
,,,,,,,,,,,,,,,,,,,,,,,,,,,,,,,,,,,,,,
,,,,,,,,,,,,,,,,,,,,,,,,,,,,,,,,,,,,,,
,,,,,,,,,,,,,,,,,,,,,,,,,,,,,,,,,,,,,,
,,,,,,,,,,,,,,,,,,,,,,,,,,,,,,,,,,,,,,
,,,,,,,,,,,,,,,,,,,,,,,,,,,,,,,,,,,,,,
,,,,,,,,,,,,,,,,,,,,,,,,,,,,,,,,,,,,,,
,,,,,,,,,,,,,,,,,,,,,,,,,,,,,,,,,,,,,,
,,,,,,,,,,,,,,,,,,,,,,,,,,,,,,,,,,,,,,
,,,,,,,,,,,,,,,,,,,,,,,,,,,,,,,,,,,,,,
,,,,,,,,,,,,,,,,,,,,,,,,,,,,,,,,,,,,,,
,,,,,,,,,,,,,,,,,,,,,,,,,,,,,,,,,,,,,,
,,,,,,,,,,,,,,,,,,,,,,,,,,,,,,,,,,,,,,
,,,,,,,,,,,,,,,,,,,,,,,,,,,,,,,,,,,,,,
,,,,,,,,,,,,,,,,,,,,,,,,,,,,,,,,,,,,,,
,,,,,,,,,,,,,,,,,,,,,,,,,,,,,,,,,,,,,,
,,,,,,,,,,,,,,,,,,,,,,,,,,,,,,,,,,,,,,
,,,,,,,,,,,,,,,,,,,,,,,,,,,,,,,,,,,,,,
,,,,,,,,,,,,,,,,,,,,,,,,,,,,,,,,,,,,,,
,,,,,,,,,,,,,,,,,,,,,,,,,,,,,,,,,,,,,,
,,,,,,,,,,,,,,,,,,,,,,,,,,,,,,,,,,,,,,
,,,,,,,,,,,,,,,,,,,,,,,,,,,,,,,,,,,,,,
,,,,,,,,,,,,,,,,,,,,,,,,,,,,,,,,,,,,,,
,,,,,,,,,,,,,,,,,,,,,,,,,,,,,,,,,,,,,,
,,,,,,,,,,,,,,,,,,,,,,,,,,,,,,,,,,,,,,
,,,,,,,,,,,,,,,,,,,,,,,,,,,,,,,,,,,,,,
,,,,,,,,,,,,,,,,,,,,,,,,,,,,,,,,,,,,,,
,,,,,,,,,,,,,,,,,,,,,,,,,,,,,,,,,,,,,,
,,,,,,,,,,,,,,,,,,,,,,,,,,,,,,,,,,,,,,
,,,,,,,,,,,,,,,,,,,,,,,,,,,,,,,,,,,,,,
,,,,,,,,,,,,,,,,,,,,,,,,,,,,,,,,,,,,,,
,,,,,,,,,,,,,,,,,,,,,,,,,,,,,,,,,,,,,,
,,,,,,,,,,,,,,,,,,,,,,,,,,,,,,,,,,,,,,
,,,,,,,,,,,,,,,,,,,,,,,,,,,,,,,,,,,,,,
,,,,,,,,,,,,,,,,,,,,,,,,,,,,,,,,,,,,,,
,,,,,,,,,,,,,,,,,,,,,,,,,,,,,,,,,,,,,,
,,,,,,,,,,,,,,,,,,,,,,,,,,,,,,,,,,,,,,
,,,,,,,,,,,,,,,,,,,,,,,,,,,,,,,,,,,,,,
,,,,,,,,,,,,,,,,,,,,,,,,,,,,,,,,,,,,,,
,,,,,,,,,,,,,,,,,,,,,,,,,,,,,,,,,,,,,,
,,,,,,,,,,,,,,,,,,,,,,,,,,,,,,,,,,,,,,
,,,,,,,,,,,,,,,,,,,,,,,,,,,,,,,,,,,,,,
,,,,,,,,,,,,,,,,,,,,,,,,,,,,,,,,,,,,,,
,,,,,,,,,,,,,,,,,,,,,,,,,,,,,,,,,,,,,,
,,,,,,,,,,,,,,,,,,,,,,,,,,,,,,,,,,,,,,
,,,,,,,,,,,,,,,,,,,,,,,,,,,,,,,,,,,,,,
,,,,,,,,,,,,,,,,,,,,,,,,,,,,,,,,,,,,,,
,,,,,,,,,,,,,,,,,,,,,,,,,,,,,,,,,,,,,,
,,,,,,,,,,,,,,,,,,,,,,,,,,,,,,,,,,,,,,
,,,,,,,,,,,,,,,,,,,,,,,,,,,,,,,,,,,,,,
,,,,,,,,,,,,,,,,,,,,,,,,,,,,,,,,,,,,,,
,,,,,,,,,,,,,,,,,,,,,,,,,,,,,,,,,,,,,,
,,,,,,,,,,,,,,,,,,,,,,,,,,,,,,,,,,,,,,
,,,,,,,,,,,,,,,,,,,,,,,,,,,,,,,,,,,,,,
,,,,,,,,,,,,,,,,,,,,,,,,,,,,,,,,,,,,,,
,,,,,,,,,,,,,,,,,,,,,,,,,,,,,,,,,,,,,,
,,,,,,,,,,,,,,,,,,,,,,,,,,,,,,,,,,,,,,
,,,,,,,,,,,,,,,,,,,,,,,,,,,,,,,,,,,,,,
,,,,,,,,,,,,,,,,,,,,,,,,,,,,,,,,,,,,,,
,,,,,,,,,,,,,,,,,,,,,,,,,,,,,,,,,,,,,,
,,,,,,,,,,,,,,,,,,,,,,,,,,,,,,,,,,,,,,
,,,,,,,,,,,,,,,,,,,,,,,,,,,,,,,,,,,,,,
,,,,,,,,,,,,,,,,,,,,,,,,,,,,,,,,,,,,,,
,,,,,,,,,,,,,,,,,,,,,,,,,,,,,,,,,,,,,,
,,,,,,,,,,,,,,,,,,,,,,,,,,,,,,,,,,,,,,
,,,,,,,,,,,,,,,,,,,,,,,,,,,,,,,,,,,,,,
,,,,,,,,,,,,,,,,,,,,,,,,,,,,,,,,,,,,,,
,,,,,,,,,,,,,,,,,,,,,,,,,,,,,,,,,,,,,,
,,,,,,,,,,,,,,,,,,,,,,,,,,,,,,,,,,,,,,
,,,,,,,,,,,,,,,,,,,,,,,,,,,,,,,,,,,,,,
,,,,,,,,,,,,,,,,,,,,,,,,,,,,,,,,,,,,,,
,,,,,,,,,,,,,,,,,,,,,,,,,,,,,,,,,,,,,,
,,,,,,,,,,,,,,,,,,,,,,,,,,,,,,,,,,,,,,
,,,,,,,,,,,,,,,,,,,,,,,,,,,,,,,,,,,,,,
,,,,,,,,,,,,,,,,,,,,,,,,,,,,,,,,,,,,,,
,,,,,,,,,,,,,,,,,,,,,,,,,,,,,,,,,,,,,,
,,,,,,,,,,,,,,,,,,,,,,,,,,,,,,,,,,,,,,
,,,,,,,,,,,,,,,,,,,,,,,,,,,,,,,,,,,,,,
,,,,,,,,,,,,,,,,,,,,,,,,,,,,,,,,,,,,,,
,,,,,,,,,,,,,,,,,,,,,,,,,,,,,,,,,,,,,,
,,,,,,,,,,,,,,,,,,,,,,,,,,,,,,,,,,,,,,
,,,,,,,,,,,,,,,,,,,,,,,,,,,,,,,,,,,,,,
,,,,,,,,,,,,,,,,,,,,,,,,,,,,,,,,,,,,,,
,,,,,,,,,,,,,,,,,,,,,,,,,,,,,,,,,,,,,,
,,,,,,,,,,,,,,,,,,,,,,,,,,,,,,,,,,,,,,
,,,,,,,,,,,,,,,,,,,,,,,,,,,,,,,,,,,,,,
,,,,,,,,,,,,,,,,,,,,,,,,,,,,,,,,,,,,,,
,,,,,,,,,,,,,,,,,,,,,,,,,,,,,,,,,,,,,,
,,,,,,,,,,,,,,,,,,,,,,,,,,,,,,,,,,,,,,
,,,,,,,,,,,,,,,,,,,,,,,,,,,,,,,,,,,,,,
,,,,,,,,,,,,,,,,,,,,,,,,,,,,,,,,,,,,,,
,,,,,,,,,,,,,,,,,,,,,,,,,,,,,,,,,,,,,,
,,,,,,,,,,,,,,,,,,,,,,,,,,,,,,,,,,,,,,
,,,,,,,,,,,,,,,,,,,,,,,,,,,,,,,,,,,,,,
,,,,,,,,,,,,,,,,,,,,,,,,,,,,,,,,,,,,,,
,,,,,,,,,,,,,,,,,,,,,,,,,,,,,,,,,,,,,,
,,,,,,,,,,,,,,,,,,,,,,,,,,,,,,,,,,,,,,
,,,,,,,,,,,,,,,,,,,,,,,,,,,,,,,,,,,,,,
,,,,,,,,,,,,,,,,,,,,,,,,,,,,,,,,,,,,,,
,,,,,,,,,,,,,,,,,,,,,,,,,,,,,,,,,,,,,,
,,,,,,,,,,,,,,,,,,,,,,,,,,,,,,,,,,,,,,
,,,,,,,,,,,,,,,,,,,,,,,,,,,,,,,,,,,,,,
,,,,,,,,,,,,,,,,,,,,,,,,,,,,,,,,,,,,,,
,,,,,,,,,,,,,,,,,,,,,,,,,,,,,,,,,,,,,,
,,,,,,,,,,,,,,,,,,,,,,,,,,,,,,,,,,,,,,
,,,,,,,,,,,,,,,,,,,,,,,,,,,,,,,,,,,,,,
,,,,,,,,,,,,,,,,,,,,,,,,,,,,,,,,,,,,,,
,,,,,,,,,,,,,,,,,,,,,,,,,,,,,,,,,,,,,,
,,,,,,,,,,,,,,,,,,,,,,,,,,,,,,,,,,,,,,
,,,,,,,,,,,,,,,,,,,,,,,,,,,,,,,,,,,,,,
,,,,,,,,,,,,,,,,,,,,,,,,,,,,,,,,,,,,,,
,,,,,,,,,,,,,,,,,,,,,,,,,,,,,,,,,,,,,,
,,,,,,,,,,,,,,,,,,,,,,,,,,,,,,,,,,,,,,
,,,,,,,,,,,,,,,,,,,,,,,,,,,,,,,,,,,,,,
,,,,,,,,,,,,,,,,,,,,,,,,,,,,,,,,,,,,,,
,,,,,,,,,,,,,,,,,,,,,,,,,,,,,,,,,,,,,,
,,,,,,,,,,,,,,,,,,,,,,,,,,,,,,,,,,,,,,
,,,,,,,,,,,,,,,,,,,,,,,,,,,,,,,,,,,,,,
,,,,,,,,,,,,,,,,,,,,,,,,,,,,,,,,,,,,,,
,,,,,,,,,,,,,,,,,,,,,,,,,,,,,,,,,,,,,,
,,,,,,,,,,,,,,,,,,,,,,,,,,,,,,,,,,,,,,
,,,,,,,,,,,,,,,,,,,,,,,,,,,,,,,,,,,,,,
,,,,,,,,,,,,,,,,,,,,,,,,,,,,,,,,,,,,,,
,,,,,,,,,,,,,,,,,,,,,,,,,,,,,,,,,,,,,,
,,,,,,,,,,,,,,,,,,,,,,,,,,,,,,,,,,,,,,
,,,,,,,,,,,,,,,,,,,,,,,,,,,,,,,,,,,,,,
,,,,,,,,,,,,,,,,,,,,,,,,,,,,,,,,,,,,,,
,,,,,,,,,,,,,,,,,,,,,,,,,,,,,,,,,,,,,,
,,,,,,,,,,,,,,,,,,,,,,,,,,,,,,,,,,,,,,
,,,,,,,,,,,,,,,,,,,,,,,,,,,,,,,,,,,,,,
,,,,,,,,,,,,,,,,,,,,,,,,,,,,,,,,,,,,,,
,,,,,,,,,,,,,,,,,,,,,,,,,,,,,,,,,,,,,,
,,,,,,,,,,,,,,,,,,,,,,,,,,,,,,,,,,,,,,
,,,,,,,,,,,,,,,,,,,,,,,,,,,,,,,,,,,,,,
,,,,,,,,,,,,,,,,,,,,,,,,,,,,,,,,,,,,,,
,,,,,,,,,,,,,,,,,,,,,,,,,,,,,,,,,,,,,,
,,,,,,,,,,,,,,,,,,,,,,,,,,,,,,,,,,,,,,
,,,,,,,,,,,,,,,,,,,,,,,,,,,,,,,,,,,,,,
,,,,,,,,,,,,,,,,,,,,,,,,,,,,,,,,,,,,,,
,,,,,,,,,,,,,,,,,,,,,,,,,,,,,,,,,,,,,,
,,,,,,,,,,,,,,,,,,,,,,,,,,,,,,,,,,,,,,
,,,,,,,,,,,,,,,,,,,,,,,,,,,,,,,,,,,,,,
,,,,,,,,,,,,,,,,,,,,,,,,,,,,,,,,,,,,,,
,,,,,,,,,,,,,,,,,,,,,,,,,,,,,,,,,,,,,,
,,,,,,,,,,,,,,,,,,,,,,,,,,,,,,,,,,,,,,
,,,,,,,,,,,,,,,,,,,,,,,,,,,,,,,,,,,,,,
,,,,,,,,,,,,,,,,,,,,,,,,,,,,,,,,,,,,,,
,,,,,,,,,,,,,,,,,,,,,,,,,,,,,,,,,,,,,,
,,,,,,,,,,,,,,,,,,,,,,,,,,,,,,,,,,,,,,
,,,,,,,,,,,,,,,,,,,,,,,,,,,,,,,,,,,,,,
,,,,,,,,,,,,,,,,,,,,,,,,,,,,,,,,,,,,,,
,,,,,,,,,,,,,,,,,,,,,,,,,,,,,,,,,,,,,,
,,,,,,,,,,,,,,,,,,,,,,,,,,,,,,,,,,,,,,
,,,,,,,,,,,,,,,,,,,,,,,,,,,,,,,,,,,,,,
,,,,,,,,,,,,,,,,,,,,,,,,,,,,,,,,,,,,,,
,,,,,,,,,,,,,,,,,,,,,,,,,,,,,,,,,,,,,,
,,,,,,,,,,,,,,,,,,,,,,,,,,,,,,,,,,,,,,
,,,,,,,,,,,,,,,,,,,,,,,,,,,,,,,,,,,,,,
,,,,,,,,,,,,,,,,,,,,,,,,,,,,,,,,,,,,,,
,,,,,,,,,,,,,,,,,,,,,,,,,,,,,,,,,,,,,,
,..,204,212,214,200,209,208,208,204,198,188,189,187,189,184,180,179,172,173,176,176,175,170,166,169,170,174,170,169,175,172,163,164,174,162,168,165,163
,..,134,143,146,133,142,141,142,139,135,126,127,130,132,126,125,126,119,120,124,125,125,121,119,121,122,126,125,121,129,123,116,116,123,113,117,116,115
,..,39,39,38,38,37,36,34,34,33,32,32,28,28,30,30,28,28,28,26,25,24,23,23,23,24,24,22,24,24,24,23,23,26,25,24,24,24
,..,16,16,15,15,15,15,15,15,14,13,13,12,12,11,10,9,10,9,9,9,9,9,10,10,10,10,10,10,10,9,10,9,10,10,11,11,11
,..,12,12,12,12,13,14,14,14,14,14,14,15,14,14,14,13,14,14,15,14,15,14,12,13,13,12,11,12,11,12,12,12,13,12,13,12,11
,..,2,2,2,2,2,2,2,2,2,2,2,2,2,2,2,2,2,2,2,2,2,2,2,2,2,2,2,2,2,3,3,3,3,3,3,3,3
,,,,,,,,,,,,,,,,,,,,,,,,,,,,,,,,,,,,,,
,,,,,,,,,,,,,,,,,,,,,,,,,,,,,,,,,,,,,,
,,,,,,,,,,,,,,,,,,,,,,,,,,,,,,,,,,,,,,
,,,,,,,,,,,,,,,,,,,,,,,,,,,,,,,,,,,,,,
,,,,,,,,,,,,,,,,,,,,,,,,,,,,,,,,,,,,,,
,,,,,,,,,,,,,,,,,,,,,,,,,,,,,,,,,,,,,,
,,,,,,,,,,,,,,,,,,,,,,,,,,,,,,,,,,,,,,
,,,,,,,,,,,,,,,,,,,,,,,,,,,,,,,,,,,,,,
,,,,,,,,,,,,,,,,,,,,,,,,,,,,,,,,,,,,,,
,,,,,,,,,,,,,,,,,,,,,,,,,,,,,,,,,,,,,,
,,,,,,,,,,,,,,,,,,,,,,,,,,,,,,,,,,,,,,
,,,,,,,,,,,,,,,,,,,,,,,,,,,,,,,,,,,,,,
,,,,,,,,,,,,,,,,,,,,,,,,,,,,,,,,,,,,,,
,,,,,,,,,,,,,,,,,,,,,,,,,,,,,,,,,,,,,,
,1983,1984,1985,1986,1987,1988,1989,1990,1991,1992,1993,1994,1995,1996,1997,1998,1999,2000,2001,2002,2003,2004,2005,2006(a),,,,,,,,,,,,,,
,,,,,,,,,,,,,,,,,,,,,,,,,,,,,,,,,,,,,,
,,,,,,,,,,,,,,,,,,,,,,,,,,,,,,,,,,,,,,
,..,4 658,4 509,4 472,4 416,4 316,4 391,4 480,4 471,4 414,4 452,4 525,4 443,4 451,4 340,4 387,4 365,4 178,3 959,3 884,3 889,3 865,3 805,3 781,,"CTS data from 2007 onwards can be found in Table 4 (below), including back dated figures to 2005 for comparison purposes",,,,,,,,,,,,
,,,,,,,,,,,,,,,,,,,,,,,,,,,,,,,,,,,,,,
,..,n/a,560,577,496,514,505,453,435,439,453,425,416,437,n/a,438,421,409,400,422,386,388,365,371,,,,,,,,,,,,,,
,..,n/a,450,466,382,377,358,310,309,307,309,290,286,308,n/a,282,276,279,267,256,230,237,226,232,,,,,,,,,,,,,,
,..,n/a,110,111,115,137,147,143,126,133,144,136,130,130,n/a,156,145,130,133,166,155,151,139,139,,,,,,,,,,,,,,
,,,,,,,,,,,,,,,,,,,,,,,,,,,,,,,,,,,,,,
,..,n/a,317,306,284,326,295,310,303,328,350,350,359,380,,349,339,309,302,305,293,302,285,288,,,,,,,,,,,,,,
,..,n/a,253,245,218,236,209,220,226,240,260,265,280,301,n/a,280,273,253,235,214,210,223,220,220,,,,,,,,,,,,,,
,..,n/a,65,61,66,90,85,89,77,88,90,85,79,80,n/a,69,67,56,66,91,83,79,65,68,,,,,,,,,,,,,,
,,,,,,,,,,,,,,,,,,,,,,,,,,,,,,,,,,,,,,
,..,815,877,883,780,840,799,763,738,768,803,775,775,818,848,787,763,718,701,728,679,690,651,658,,,,,,,,,,,,,,
,,,,,,,,,,,,,,,,,,,,,,,,,,,,,,,,,,,,,,
,,,,,,,,,,,,,,,,,,,,,,,,,,,,,,,,,,,,,,
,..,231,221,192,187,188,189,188,187,187,193,197,208,220,n/a,224,229,224,229,235,234,243,211,223,,,,,,,,,,,,,,
,..,59,58,57,56,56,58,61,61,61,62,65,66,70,76,73,75,73,72,72,74,77,79,80,,,,,,,,,,,,,,
,..,171,163,135,131,132,131,127,125,126,131,132,142,149,n/a,151,154,151,81,79,73,77,65,72,,,,,,,,,,,,,,
,,,,,,,,,,,,,,,,,,,77,84,87,89,67,70,,,,,,,,,,,,,,
,,,,,,,,,,,,,,,,,,,,,,,,,,,,,,,,,,,,,,
,..,904,879,776,735,753,712,702,670,695,690,694,724,758,n/a,n/a,n/a,n/a,634,567,586,604,572,556,,,,,,,,,,,,,,
,..,22,21,20,19,20,22,23,21,22,24,24,24,25,24,21,22,20,27,24,22,23,23,22,,,,,,,,,,,,,,
,..,882,858,757,716,733,690,679,649,672,667,671,700,733,n/a,n/a,n/a,n/a,414,358,374,390,368,356,,,,,,,,,,,,,,
,,,,,,,,,,,,,,,,,,,194,185,190,191,181,178,,,,,,,,,,,,,,
,,,,,,,,,,,,,,,,,,,,,,,,,,,,,,,,,,,,,,
,..,1 135,1 100,968,922,941,900,890,857,882,883,892,931,978,996,941,946,888,863,802,820,848,783,778,,,,,,,,,,,,,,
,,,,,,,,,,,,,,,,,,,,,,,,,,,,,,,,,,,,,,
,,,,,,,,,,,,,,,,,,,,,,,,,,,,,,,,,,,,,,
,..,740,694,639,608,600,607,601,559,552,479,539,547,617,458,454,485,500,499,447,462,458,555,588,,,,,,,,,,,,,,
,..,493,466,421,394,397,400,395,351,348,300,343,347,387,319,335,334,336,329,293,302,297,335,348,,,,,,,,,,,,,,
,..,247,227,219,214,204,207,205,208,204,178,196,200,230,139,119,152,163,169,154,159,162,219,240,,,,,,,,,,,,,,
,,,,,,,,,,,,,,,,,,,,,,,,,,,,,,,,,,,,,,
,..,2 219,2 187,2 094,2 070,1 973,1 942,2 009,1 967,1 983,1 958,1 932,1 873,1 885,1 875,1 872,1 860,1 857,1 793,1 815,1 833,1 889,1 909,1 878,,,,,,,,,,,,,,
,..,1 268,1 256,1 191,1 163,1 131,1 108,1 126,1 062,1 052,1 114,1 094,1 079,1 096,1 121,1 122,1 086,1 082,1 083,1 103,1 118,1 156,1 146,1 103,,,,,,,,,,,,,,
,..,951,931,904,907,842,834,883,905,931,844,838,794,789,755,750,774,775,710,712,715,734,763,775,,,,,,,,,,,,,,
,,,,,,,,,,,,,,,,,,,,,,,,,,,,,,,,,,,,,,
,..,3 765,3 662,3 592,3 497,3 338,3 461,3 450,3 412,3 326,3 276,3 291,3 287,3 291,3 119,3 077,3 004,2 995,2 787,2 669,2 826,2 838,2 737,2 641,,,,,,,,,,,,,,
,..,39,34,33,30,27,21,22,23,21,18,18,16,17,26,44,38,33,43,38,41,41,43,61,,,,,,,,,,,,,,
,..,1 816,1 808,1 780,1 721,1 653,1 695,1 677,1 637,1 601,1 556,1 537,1 539,1 553,1 379,1 304,1 282,1 368,1 308,1 246,1 348,1 358,1 268,1 217,,,,,,,,,,,,,,
,..,1 910,1 820,1 779,1 745,1 658,1 745,1 752,1 752,1 703,1 702,1 736,1 732,1 721,1 714,1 729,1 684,1 594,1 436,1 385,1 437,1 439,1 425,1 363,,,,,,,,,,,,,,
,,,,,,,,,,,,,,,,,,,,,,,,,,,,,,,,,,,,,,
,..,6 724,6 542,6 325,6 175,5 911,6 010,6 060,5 937,5 861,5 713,5 762,5 707,5 793,5 452,5 403,5 350,5 351,5 078,4 931,5 121,5 186,5 200,5 106,,,,,,,,,,,,,,
,,,,,,,,,,,,,,,,,,,,,,,,,,,,,,,,,,,,,,
,..,13 331,13 028,12 648,12 293,12 008,12 101,12 192,12 003,11 924,11 851,11 954,11 857,12 040,11 637,11 519,11 423,11 135,10 602,10 345,10 508,10 588,10 440,10 324,,,,,,,,,,,,,,
,,,,,,,,,,,,,,,,,,,,,,,,,,,,,,,,,,,,,,
,,,,,,,,,,,,,,,,,,,,,,,,,,,,,,,,,,,,,,
,,,,,,,,,,,,,,,,,,,,,,,,,,,,,,,,,,,,,,
,,,,,,,,,,,,,,,,,,,,,,,,,,,,,,,,,,,,,,
,,,,,,,,,,,,,,,,,,,,,,,,,,,,,,,,,,,,,,
,,,,,,,,,,,,,,,,,,,,,,,,,,,,,,,,,,,,,,
,,,,,,,,,,,,,,,,,,,,,,,,,,,,,,,,,,,,,,
,,,,,,,,,,,,,,,,,,,,,,,,,,,,,,,,,,,,,,
,,,,,,,,,,,,,,,,,,,,,,,,,,,,,,,,,,,,,,
,,,,,,,,,,,,,,,,,,,,,,,,,,,,,,,,,,,,,,
,1983,1984,1985,1986,1987,1988,1989,1990,1991,1992,1993,1994,1995,1996,1997,1998,1999,2000,2001,2002,2003,2004,2005,2006,2007,2008,2009,revised,2010,2011,2012,2013,2014,2015,2016,2017,2018,2019
,,,,,,,,,,,,,,,,,,,,,,,,,,,,2009 (b),,,,,,,,,,
,..,..,..,..,..,..,..,..,..,..,..,..,..,..,..,..,..,..,..,..,..,..,10 770,10 644,10 370,10 163,10 082,,10 170, 9 988,9 952,9 844,9 837,9 919,10 033,10 004,9 891,9 739
,,,,,,,,,,,,,,,,,,,,,,,,,,,,,,,,,,,,,,
,..,..,..,..,..,..,..,..,..,..,..,..,..,..,..,..,..,..,..,..,..,..,7 736,7 674,7 494,7 366,7 230,,7 272,7 209,7 172,7 083,7 100,7 188,7 250,7 240,7 167,7 077
,,,,,,,,,,,,,,,,,,,,,,,,,,,,,,,,,,,,,,
,..,..,..,..,..,..,..,..,..,..,..,..,..,..,..,..,..,..,..,..,..,..,4 639,4 631,4 513,4 431,4 322,,4 368,4 305,4 229,4 177,4 228,4 238,4 204,4 193,4 149,4 078
,..,..,..,..,..,..,..,..,..,..,..,..,..,..,..,..,..,..,..,..,..,..,3 749,3 708,3 647,3 569,3 471,,3 498,3 482,3 463,3 393,3 411,3 472,3 493,3 481,3 441,3 398
,..,..,..,..,..,..,..,..,..,..,..,..,..,..,..,..,..,..,..,..,..,..,1 751,1 745,1 709,1 678,1 633,,1 668,1 687,1 666,1 611,1 569,1 576,1 596,1 589,1 558,1 527
,..,..,..,..,..,..,..,..,..,..,..,..,..,..,..,..,..,..,..,..,..,..,1 998,1 963,1 937,1 892,1 838,,1 830,1 796,1 796,1 782,1 841,1 895,1 897,1 891,1 883,1 871
,,,,,,,,,,,,,,,,,,,,,,,,,,,,,,,,,,,,,,
,..,..,..,..,..,..,..,..,..,..,..,..,..,..,..,..,..,..,..,..,..,..,891,923,866,862,851,,870,822,766,784,817,767,712,712,708,680
,..,..,..,..,..,..,..,..,..,..,..,..,..,..,..,..,..,..,..,..,..,..,416,436,429,433,440,,466,412,379,398,409,381,365,366,378,387
,..,..,..,..,..,..,..,..,..,..,..,..,..,..,..,..,..,..,..,..,..,..,475,487,437,429,411,,404,410,388,387,408,386,346,346,330,293
,,,,,,,,,,,,,,,,,,,,,,,,,,,,,,,,,,,,,,
,..,..,..,..,..,..,..,..,..,..,..,..,..,..,..,..,..,..,..,..,..,..,1 506,1 464,1 429,1 399,1 399,,1 400,1 372,1 394,1 414,1 373,1 379,1 442,1 464,1 443,1 435
,..,..,..,..,..,..,..,..,..,..,..,..,..,..,..,..,..,..,..,..,..,..,978,993,983,950,940,,890,862,871,876,834,834,872,898,921,913
,..,..,..,..,..,..,..,..,..,..,..,..,..,..,..,..,..,..,..,..,..,..,529,471,446,450,460,,510,510,524,538,539,545,570,567,522,522
,,,,,,,,,,,,,,,,,,,,,,,,,,,,,,,,,,,,,,
,..,..,..,..,..,..,..,..,..,..,..,..,..,..,..,..,..,..,..,..,..,..,1 590,1 579,1 552,1 536,1 509,,1 505,1 532,1 549,1 492,1 499,1 570,1 603,1 583,1 575,1 563
,,,,,,,,,,,,,,,,,,,,,,,,,,,,,,,,,,,,,,
,..,..,..,..,..,..,..,..,..,..,..,..,..,..,..,..,..,..,..,..,..,..,3 034,2 970,2 876,2 797,2 852,,2 897,2 779,2 779,2 761,2 737,2 730,2 783,2 763,2 723,2 662
,..,..,..,..,..,..,..,..,..,..,..,..,..,..,..,..,..,..,..,..,..,..,425,439,431,416,425,,439,386,369,384,424,388,364,355,355,356
,..,..,..,..,..,..,..,..,..,..,..,..,..,..,..,..,..,..,..,..,..,..,1 176,1 127,1 110,1 055,1 077,,1 080,1 050,1 030,1 060,1 011,1 001,1 032,1 051,1 035,1 012
,..,..,..,..,..,..,..,..,..,..,..,..,..,..,..,..,..,..,..,..,..,..,1 433,1 404,1 335,1 326,1 350,,1 378,1 343,1 381,1 316,1 302,1 342,1 386,1 357,1 333,1 294
,,,,,,,,,,,,,,,,,,,,,,,,,,,,,,,,,,,,,,
,,,,,,,,,,,,,,,,,,,,,,,,,,,,,,,,,,,,,,
,,,,,,,,,,,,,,,,,,,,,,,,,,,,,,,,,,,,,,
,,,,,,,,,,,,,,,,,,,,,,,,,,,,,,,,,,,,,,
,,,,,,,,,,,,,,,,,,,,,,,,,,,,,,,,,,,,,,
,,,,,,,,,,,,,,,,,,,,,,,,,,,,,,,,,,,,,,
,,,,,,,,,,,,,,,,,,,,,,,,,,,,,,,,,,,,,,
,,,,,,,,,,,,,,,,,,,,,,,,,,,,,,,,,,,,,,
,,,,,,,,,,,,,,,,,,,,,,,,,,,,,,,,,,,,,,
,,,,,,,,,,,,,,,,,,,,,,,,,,,,,,,,,,,,,,
,,,,,,,,,,,,,,,,,,,,,,,,,,,,,,,,,,,,,,
,,,,,,,,,,,,,,,,,,,,,,,,,,,,,,,,,,,,,,
,1983,1984,1985,1986,1987,1988,1989,1990,1991,1992,1993,1994,1995,1996,1997,1998,1999,2000,2001,2002,2003,2004,2005,2006,2007,2008,2009,revised,2010,2011,2012,2013,2014,2015,2016,2017,2018,2019
,,,,,,,,,,,,,,,,,,,,,,,,,,,,2009 (b),,,,,,,,,,
,8 174,7 790,7 967,8 038,8 044,8 084,7 606,7 548,7 695,7 707,7 853,7 892,7 627,7 590,8 072,8 146,7 285,6 482,5 845,5 588,5 046,5 159,4 862,4 933,4 834,4 714,4 724,4 540,4 460,4 441,4 481,4 885,4 815,4 739,4 866,4 969,5 012,5 078
,,,,,,,,,,,,,,,,,,,,,,,,,,,,,,,,,,,,,,
,983,934,967,962,960,935,886,911,933,931,966,939,892,905,958,922,818,717,685,651,597,600,554,557,537,495,531,507,518,523,523,522,501,507,509,512,504,509
,,,,,,,,,,,,,,,,,,,,,,,,,,,,,,,,,,,,,,
,856,813,842,838,833,818,769,781,798,793,815,796,756,756,800,778,689,610,598,558,516,515,470,468,455,421,445,426,427,432,425,421,406,408,415,417,409,413
,542,526,539,542,542,533,503,503,520,514,526,519,496,493,521,512,463,413,404,376,343,351,321,323,320,299,318,304,281,279,293,284,282,285,295,297,289,295
,110,106,113,110,109,103,98,110,109,110,117,106,101,107,116,103,85,73,71,74,73,66,67,67,57,55,50,48,67,70,69,66,57,56,55,55,58,57
,204,181,190,186,183,182,169,168,170,169,172,171,159,156,162,163,141,124,123,107,99,98,81,78,79,66,78,74,79,83,64,70,67,66,65,64,63,61
,,,,,,,,,,,,,,,,,,,,,,,,,,,,,,,,,,,,,,
,127,121,125,124,126,118,117,130,134,138,151,142,136,149,159,143,129,107,87,93,82,86,84,88,82,74,85,81,91,92,98,101,95,100,94,95,94,96
,45,43,44,45,45,44,42,44,45,46,47,46,43,43,44,42,36,30,28,25,21,21,20,20,18,17,19,17,17,16,16,15,14,15,15,14,13,12
,82,78,80,80,81,74,74,86,89,92,104,96,93,106,115,101,93,78,58,68,60,64,65,68,64,57,66,64,75,75,82,86,80,85,79,81,81,84
,,,,,,,,,,,,,,,,,,,,,,,,,,,,,,,,,,,,,,
,7 191,6 856,7 000,7 076,7 084,7 148,6 720,6 637,6 762,6 776,6 887,6 953,6 735,6 685,7 114,7 225,6 466,5 765,5 161,4 938,4 448,4 558,4 308,4 376,4 297,4 219,4 194,4 033,3 942,3 917,3 958,4 363,4 315,4 232,4 356,4 457,4 509,4 569
,115,104,101,92,78,74,55,61,50,54,58,64,69,69,73,80,58,52,51,41,45,55,59,65,50,50,54,52,-,-,-,-,-,-,-,-,-,-
,605,607,597,610,624,631,623,630,662,688,693,730,777,872,877,859,815,762,718,702,702,661,677,676,709,683,656,635,-,-,-,-,-,-,-,-,-,-
,1 868,1 810,1 835,1 886,1 914,1 922,1 801,1 762,1 789,1 805,1 822,1 808,1 763,1 688,1 826,1 882,1 664,1 518,1 354,1 212,1 073,1 078,1 030,1 090,1 077,1 050,999,948,-,-,-,-,-,-,-,-,-,-
,2 362,2 227,2 289,2 298,2 282,2 291,2 159,2 138,2 171,2 188,2 208,2 188,2 092,2 026,2 191,2 235,1 956,1 741,1 524,1 482,1 231,1 319,1 226,1 235,1 208,1 212,1 227,1 180,-,-,-,-,-,-,-,-,-,-
,2 241,2 107,2 177,2 189,2 186,2 230,2 082,2 046,2 090,2 041,2 106,2 164,2 033,2 030,2 147,2 170,1 973,1 691,1 513,1 501,1 396,1 445,1 317,1 311,1 253,1 225,1 258,1 219,-,-,-,-,-,-,-,-,-,-
,,,,,,,,,,,,,,,,,,,,,,,,,,,,,,,,,,,,,,
,,,,,,,,,,,,,,,,,,,,,,,,,,,,,,,,,,,,,,
,,,,,,,,,,,,,,,,,,,,,,,,,,,,,,,,,,,,,,
,,,,,,,,,,,,,,,,,,,,,,,,,,,,,,,,,,,,,,
,,,,,,,,,,,,,,,,,,,,,,,,,,,,,,,,,,,,,,
,,,,,,,,,,,,,,,,,,,,,,,,,,,,,,,,,,,,,,
,,,,,,,,,,,,,,,,,,,,,,,,,,,,,,,,,,,,,,
,,,,,,,,,,,,,,,,,,,,,,,,,,,,,,,,,,,,,,
,,,,,,,,,,,,,,,,,,,,,,,,,,,,,,,,,,,,,,
,,,,,,,,,,,,,,,,,,,,,,,,,,,,,,,,,,,,,,
,,,,,,,,,,,,,,,,,,,,,,,,,,,,,,,,,,,,,,
,,,,,,,,,,,,,,,,,,,,,,,,,,,,,,,,,,,,,,
,,,,,,,,,,,,,,,,,,,,,,,,,,,,,,,,,,,,,,
,1983,1984,1985,1986,1987,1988,1989,1990,1991,1992,1993,1994,1995,1996,1997,1998,1999,2000,2001,2002,2003,2004,2005,2006,2007,2008,2009,revised,2010,2011,2012,2013,2014,2015,2016,2017,2018,2019
,,,,,,,,,,,,,,,,,,,,,,,,,,,,2009 (b),,,,,,,,,,
,..,34 985,35 824,37 228,39 204,41 495,43 588,44 469,44 166,44 540,44 436,43 813,43 304,42 086,42 823,44 471,44 656,42 264,36 716,35 834,35 812,35 817,35 416,34 722,33 946,33 131,32 038,31 445,31 084,31 634,32 215,32 856,33 743,33 337,33 943,34 832,33 781,33 580
,,,,,,,,,,,,,,,,,,,,,,,,,,,,,,,,,,,,,,
,..,16 662,17 002,17 534,18 396,19 373,20 368,20 787,20 665,20 732,20 881,20 861,20 830,20 550,20 696,21 260,21 458,20 449,17 921,17 630,17 580,17 630,16 935,16 637,16 064,15 616,14 912,14 636,14 740,14 868,15 229,15 561,16 026,16 024,16 304,16 669,16 286,16 035
,..,13 063,13 265,13 581,14 223,14 851,15 459,15 965,16 090,16 223,16 192,15 996,18 354,19 234,19 360,19 579,19 764,18 977,15 325,14 926,14 869,14 896,14 567,14 323,13 783,13 455,12 829,12 579,12 505,12 644,12 799,12 998,13 515,13 278,13 460,13 762,13 572,13 440
,..,2 769,2 844,2 999,3 143,3 381,3 637,3 454,3 179,3 081,3 280,3 483,2 476,2 658,2 721,3 131,3 098,2 804,2 596,2 704,2 710,2 735,2 368,2 314,2 281,2 161,2 083,2 056,2 235,2 224,2 431,2 564,2 511,2 746,2 844,2 907,2 714,2 595
,,,,,,,,,,,,,,,,,,,,,,,,,,,,,,,,,,,,,,
,..,18 323,18 822,19 694,20 808,22 122,23 220,23 682,23 501,23 808,23 554,22 952,22 474,21 536,22 127,23 211,23 198,21 816,18 795,18 204,18 232,18 187,18 481,18 086,17 882,17 515,17 126,16 810,16 344,16 765,16 985,17 295,17 717,17 313,17 639,18 163,17 495,17 545
,..,16 782,17 264,18 078,19 148,20 361,21 400,21 872,21 704,22 097,21 885,21 254,20 844,19 944,20 523,21 599,21 506,20 369,17 769,17 310,17 322,17 238,17 488,17 058,16 855,16 574,16 177,15 892,15 431,15 990,16 229,16 381,16 936,16 528,16 840,17 340,16 621,16 672
,..,399,413,426,447,473,497,508,509,510,509,504,507,499,509,539,586,488,438,420,418,421,424,432,404,392,374,368,362,378,392,432,417,408,409,417,407,412
,..,1 142,1 146,1 190,1 212,1 288,1 323,1 302,1 288,1 201,1 160,1 194,1 123,1 093,1 095,1 073,1 106,959,589,474,492,527,569,595,622,549,574,550,551,398,364,482,364,377,389,405,467,460
,,,,,,,,,,,,,,,,,,,,,,,,,,,,,,,,,,,,,,
,,,,,,,,,,,,,,,,,,,,,,,,,,,,,,,,,,,,,,
,,,,,,,,,,,,,,,,,,,,,,,,,,,,,,,,,,,,,,
,,,,,,,,,,,,,,,,,,,,,,,,,,,,,,,,,,,,,,
,,,,,,,,,,,,,,,,,,,,,,,,,,,,,,,,,,,,,,
,,,,,,,,,,,,,,,,,,,,,,,,,,,,,,,,,,,,,,
,,,,,,,,,,,,,,,,,,,,,,,,,,,,,,,,,,,,,,
,,,,,,,,,,,,,,,,,,,,,,,,,,,,,,,,,,,,,,
,,,,,,,,,,,,,,,,,,,,,,,,,,,,,,,,,,,,,,
,,,,,,,,,,,,,,,,,,,,,,,,,,,,,,,,,,,,,,
,,,,,,,,,,,,,,,,,,,,,,,,,,,,,,,,,,,,,,
,,,,,,,,,,,,,,,,,,,,,,,,,,,,,,,,,,,,,,
,1983,1984,1985,1986,1987,1988,1989,1990,1991,1992,1993,1994,1995,1996,1997,1998,1999,2000,2001,2002,2003,2004,2005,2006,2007,2008,2009,revised,2010,2011,2012,2013,2014,2015,2016,2017,2018,2019
,,,,,,,,,,,,,,,,,,,,,,,,,,,,2009 (b),,,,,,,,,,
,..,121 313,121 955,123 357,131 594,133 852,123 467,127 952,140 947,137 613,144 171,140 447,142 267,148 936,179 460,165 087,165 157,169 773,179 880,168 996,178 800,181 759,173 909,173 081,167 667,166 200,159 288,152 753,163 867,162 551,160 061,162 609,169 684,167 579,172 607,181 818,188 442,186 982
,,,,,,,,,,,,,,,,,,,,,,,,,,,,,,,,,,,,,,
,..,59 815,58 426,57 217,58 315,55 915,50 520,51 413,51 915,51 094,51 153,50 957,49 858,49 742,54 956,49 366,48 242,48 815,51 345,49 869,48 547,47 936,49 034,47 530,47 719,44 321,44 722,42 663,47 107,48 610,46 633,47 024,48 404,49 509,50 798,52 939,53 623,54 732
,,,,,,,,,,,,,,,,,,,,,,,,,,,,,,,,,,,,,,
,..,53 337,52 248,50 801,51 039,48 904,43 588,44 154,44 519,44 197,43 715,43 070,42 047,41 095,45 796,39 342,38 841,38 148,39 262,38 562,37 560,37 811,40 472,38 257,36 257,35 253,35 113,33 266,37 497,38 357,36 646,35 841,37 146,36 998,38 058,39 510,39 852,41 535
,..,40 714,39 670,38 222,38 706,37 583,34 101,33 624,33 416,33 348,32 965,32 682,31 837,30 987,34 286,29 483,29 258,28 687,29 895,28 778,29 274,29 655,29 544,28 632,27 321,25 940,26 757,25 273,..,..,..,..,..,..,..,..,..,..
,..,12 623,12 578,12 579,12 333,11 321,9 487,10 530,11 102,10 849,10 750,10 388,10 210,10 108,11 510,9 860,9 583,9 461,9 367,9 784,8 286,8 156,10 928,9 625,8 936,9 313,8 356,7 993,..,..,..,..,..,..,..,..,..,..
,,,,,,,,,,,,,,,,,,,,,,,,,,,,,,,,,,,,,,
,..,6 478,6 177,6 416,7 276,7 011,6 932,7 258,7 396,6 897,7 438,7 886,7 811,8 647,9 160,10 023,9 401,10 667,12 083,11 307,10 988,10 125,8 561,9 273,11 461,9 068,9 609,9 397,9 610,10 253,9 987,11 184,11 258,12 511,12 740,13 429,13 771,13 197
,..,..,..,112,174,1 017,656,686,768,1 221,1 454,1 191,1 347,1 145,1 409,1 577,1 579,1 837,1 278,1 367,1 365,2 313,1 839,1 617,1 873,1 775,1 564,1 520,..,..,..,..,..,..,..,..,..,..
,..,..,..,297,306,3 337,3 648,3 503,3 858,4 075,4 052,4 559,4 167,4 906,4 968,5 213,4 656,5 888,7 893,6 689,6 398,5 022,4 679,5 654,7 627,5 623,5 989,5 864,..,..,..,..,..,..,..,..,..,..
,..,615,569,569,624,609,565,603,561,548,556,592,549,627,644,899,900,745,767,745,706,506,409,407,423,465,482,440,..,..,..,..,..,..,..,..,..,..
,,,,,,,,,,,,,,,,,,,,,,,,,,,,,,,,,,,,,,
,..,59 693,61 645,64 142,71 214,75 785,70 509,73 944,76 111,73 748,79 940,75 696,77 177,80 690,106 937,98 244,101 625,105 689,112 531,105 137,116 738,119 888,111 475,110 672,109 794,109 859,102 759,98 754,105 309,102 461,102 558,104 576,110 374,107 056,110 639,117 619,123 946,121 500
,,,,,,,,,,,,,,,,,,,,,,,,,,,,,,,,,,,,,,
,..,1 804,1 884,1 998,2 066,2 152,2 438,2 595,12 922,12 771,13 077,13 793,15 231,18 505,17 568,17 477,15 290,15 269,16 004,13 991,13 514,13 935,13 400,14 879,10 154,12 019,11 807,11 335,11 451,11 481,10 870,11 008,10 907,11 014,11 170,11 260,10 872,10 750
,,,,,,,,,,,,,,,,,,,,,,,,,,,,,,,,,,,,,,
,,,,,,,,,,,,,,,,,,,,,,,,,,,,,,,,,,,,,,
,,,,,,,,,,,,,,,,,,,,,,,,,,,,,,,,,,,,,,
,,,,,,,,,,,,,,,,,,,,,,,,,,,,,,,,,,,,,,
,,,,,,,,,,,,,,,,,,,,,,,,,,,,,,,,,,,,,,
,,,,,,,,,,,,,,,,,,,,,,,,,,,,,,,,,,,,,,
,,,,,,,,,,,,,,,,,,,,,,,,,,,,,,,,,,,,,,
,,,,,,,,,,,,,,,,,,,,,,,,,,,,,,,,,,,,,,
,,,,,,,,,,,,,,,,,,,,,,,,,,,,,,,,,,,,,,
,,,,,,,,,,,,,,,,,,,,,,,,,,,,,,,,,,,,,,
,,,,,,,,,,,,,,,,,,,,,,,,,,,,,,,,,,,,,,
,,,,,,,,,,,,,,,,,,,,,,,,,,,,,,,,,,,,,,
,,,,,,,,,,,,,,,,,,,,,,,,,,,,,,,,,,,,,,
,,,,,,,,,,,,,,,,,,,,,,,,,,,,,,,,,,,,,,
,,,,,,,,,,,,,,,,,,,,,,,,,,,,,,,,,,,,,,
,1983,1984,1985,1986,1987,1988,1989,1990,1991,1992,1993,1994,1995,1996,1997,1998,1999,2000,2001,2002,2003,2004,2005,2006,2007,2008,2009,revised,2010,2011,2012,2013,2014,2015,2016,2017,2018,2019
,,,,,,,,,,,,,,,,,,,,,,,,,,,,2009 (b),,,,,,,,,,
,,,,,,,,,,,,,,,,,,,,,,,,,,,,,,,,,,,,,,
,..,..,..,..,66,102,114,113,106,105,98,90,85,82,80,82,77,76,75,93,88,92,96,98,95,96,101,82,93,94,98,98,100,101,104,105,108,111
,..,..,..,..,..,..,..,..,48,51,50,45,37,34,37,35,36,37,33,37,31,33,33,36,30,31,35,31,31,33,31,32,32,31,31,31,34,38
,..,..,..,..,..,..,..,..,..,..,..,..,..,..,307,308,277,291,290,307,300,330,346,388,384,370,377,298,311,313,315,293,303,283,268,258,250,250
,,,,,,,,,,,,,,,,,,,,,,,,,,,,,,,,,,,,,,
,,,,,,,,,,,,,,,,,,,,,,,,,,,,,,,,,,,,,,
,,,,,,,,,,,,,,,,,,,,,,,,,,,,,,,,,,,,,,
,,,,,,,,,,,,,,,,,,,,,,,,,,,,,,,,,,,,,,
,,,,,,,,,,,,,,,,,,,,,,,,,,,,,,,,,,,,,,
,,,,,,,,,,,,,,,,,,,,,,,,,,,,,,,,,,,,,,
,,,,,,,,,,,,,,,,,,,,,,,,,,,,,,,,,,,,,,
,,,,,,,,,,,,,,,,,,,,,,,,,,,,,,,,,,,,,,
,,,,,,,,,,,,,,,,,,,,,,,,,,,,,,,,,,,,,,
,,,,,,,,,,,,,,,,,,,,,,,,,,,,,,,,,,,,,,
,,,,,,,,,,,,,,,,,,,,,,,,,,,,,,,,,,,,,,
,,,,,,,,,,,,,,,,,,,,,,,,,,,,,,,,,,,,,,
,1983,1984,1985,1986,1987,1988,1989,1990,1991,1992,1993,1994,1995,1996,1997,1998,1999,2000,2001,2002,2003,2004,2005,2006,2007,2008,2009,,2010,2011,2012,2013,2014,,,,,
,,,,,,,,,,,,,,,,,,,,,,,,,,,,,,,,,,,,,,
,..,..,..,..,..,..,..,..,..,..,..,..,..,..,..,..,..,516,514,507,491,501,494,491,481,483,464,,466,476,481,464,476,,,,,
,,,,,,,,,,,,,,,,,,,,,,,,,,,,,,,,,,,,,,
,..,..,..,..,..,..,..,..,..,..,..,..,..,..,..,..,..,318,318,319,313,315,311,313,305,302,289,,295,299,298,290,294,,,,,
,..,..,..,..,..,..,..,..,..,..,..,..,..,..,..,..,..,165,163,160,155,151,149,146,141,140,137,,134,140,141,138,140,,,,,
,..,..,..,..,..,..,..,..,..,..,..,..,..,..,..,..,..,153,155,160,158,164,162,167,165,161,152,,161,159,158,152,155,,,,,
,,,,,,,,,,,,,,,,,,,,,,,,,,,,,,,,,,,,,,
,..,..,..,..,..,..,..,..,..,..,..,..,..,..,..,..,..,11,12,12,11,14,15,14,15,14,11,,11,11,11,11,11,,,,,
,,,,,,,,,,,,,,,,,,,,,,,,,,,,,,,,,,,,,,
,..,..,..,..,..,..,..,..,..,..,..,..,..,..,..,..,..,188,184,175,166,171,169,164,161,167,164,,160,166,172,162,170,,,,,
,,,,,,,,,,,,,,,,,,,,,,,,,,,,,,,,,,,,,,
,..,..,..,..,..,..,..,..,..,..,..,..,..,..,..,..,..,83,81,76,69,66,66,63,61,64,63,,64,64,65,63,64,,,,,
,..,..,..,..,..,..,..,..,..,..,..,..,..,..,..,..,..,73,71,64,60,57,56,53,51,54,52,,-,-,-,-,-,,,,,
,..,..,..,..,..,..,..,..,..,..,..,..,..,..,..,..,..,10,10,11,10,9,10,10,10,11,11,,-,-,-,-,-,,,,,
,,,,,,,,,,,,,,,,,,,,,,,,,,,,,,,,,,,,,,
,..,..,..,..,..,..,..,..,..,..,..,..,..,..,..,..,..,42,40,38,36,38,39,39,43,43,42,,39,39,41,39,40,,,,,
,..,..,..,..,..,..,..,..,..,..,..,..,..,..,..,..,..,23,22,21,20,22,23,23,27,27,27,,-,-,-,-,-,,,,,
,..,..,..,..,..,..,..,..,..,..,..,..,..,..,..,..,..,19,18,17,16,16,16,16,16,16,16,,-,-,-,-,-,,,,,
,,,,,,,,,,,,,,,,,,,,,,,,,,,,,,,,,,,,,,
,..,..,..,..,..,..,..,..,..,..,..,..,..,..,..,..,..,63,62,62,61,66,64,62,57,60,59,,56,62,67,61,66,,,,,
,..,..,..,..,..,..,..,..,..,..,..,..,..,..,..,..,..,45,45,45,44,48,45,43,40,42,42,,40,44,48,40,47,,,,,
,..,..,..,..,..,..,..,..,..,..,..,..,..,..,..,..,..,17,17,17,17,18,18,19,17,18,17,,17,18,19,21,19,,,,,
,,,,,,,,,,,,,,,,,,,,,,,,,,,,,,,,,,,,,,
,,,,,,,,,,,,,,,,,,41,54,43,42,46,46,44,45,48,70,,-,-,-,-,-,,,,,
,,,,,,,,,,,,,,,,,,557,568,550,533,546,541,534,526,531,535,,-,-,-,-,-,,,,,
,,,,,,,,,,,,,,,,,,,,,,,,,,,,,,,,,,,,,,
,,,,,,,,,,,,,,,,,,,,,,,,,,,,,,,,,,,,,,
,,,,,,,,,,,,,,,,,,,,,,,,,,,,,,,,,,,,,,
,,,,,,,,,,,,,,,,,,,,,,,,,,,,,,,,,,,,,,
,,,,,,,,,,,,,,,,,,,,,,,,,,,,,,,,,,,,,,
,,,,,,,,,,,,,,,,,,,,,,,,,,,,,,,,,,,,,,
,,,,,,,,,,,,,,,,,,,,,,,,,,,,,,,,,,,,,,
,,,,,,,,,,,,,,,,,,,,,,,,,,,,,,,,,,,,,,
,,,,,,,,,,,,,,,,,,,,,,,,,,,,,,,,,,,,,,
,,,,,,,,,,,,,,,,,,,,,,,,,,,,,,,,,,,,,,
,,,,,,,,,,,,,,,,,,,,,,,,,,,,,,,,,,,,,,
,,,,,,,,,,,,,,,,,,,,,,,,,,,,,,,,,,,,,,
,,,,,,,,,,,,,,,,,,,,,,,,,,,,,,,,,,,,,,
,,,,,,,,,,,,,,,,,,,,,,,,,,,,,,,,,,,,,,
,,,,,,,,,,,,,,,,,,,,,,,,,,,,,,,,,,,,,,
,1983,1984,1985,1986,1987,1988,1989,1990,1991,1992,1993,1994,1995,1996,1997,1998,1999,2000,2001,2002,2003,2004,2005,2006,2007,2008,2009,,2010,2011,2012,2013,2014,2015,2016,2017 (e),2018,2019
,,,,,,,,,,,,,,,,,,,,,,,,,,,,,,,,,,,,,,
,..,..,..,..,..,..,..,..,..,..,..,..,..,..,..,..,..,..,..,..,..,..,..,..,..,..,..,,466,476,481,464,476,476,466,474,477,476
,,,,,,,,,,,,,,,,,,,,,,,,,,,,,,,,,,,,,,
,..,..,..,..,..,..,..,..,..,..,..,..,..,..,..,..,..,..,..,..,..,..,..,..,..,..,..,,295,299,298,290,294,294,290,294,296,299
,..,..,..,..,..,..,..,..,..,..,..,..,..,..,..,..,..,..,..,..,..,..,..,..,..,..,..,,134,140,141,138,140,142,139,141,145,144
,..,..,..,..,..,..,..,..,..,..,..,..,..,..,..,..,..,..,..,..,..,..,..,..,..,..,..,,161,159,158,152,155,152,151,153,152,155
,,,,,,,,,,,,,,,,,,,,,,,,,,,,,,,,,,,,,,
,..,..,..,..,..,..,..,..,..,..,..,..,..,..,..,..,..,..,..,..,..,..,..,..,..,..,..,,171,177,183,173,181,183,176,180,181,177
,,,,,,,,,,,,,,,,,,,,,,,,,,,,,,,,,,,,,,
,..,..,..,..,..,..,..,..,..,..,..,..,..,..,..,..,..,..,..,..,..,..,..,..,..,..,..,,115,115,116,112,115,115,na,na,na,na
,..,..,..,..,..,..,..,..,..,..,..,..,..,..,..,..,..,..,..,..,..,..,..,..,..,..,..,,72,73,73,71,72,73,na,na,na,na
,..,..,..,..,..,..,..,..,..,..,..,..,..,..,..,..,..,..,..,..,..,..,..,..,..,..,..,,42,42,44,41,43,43,na,na,na,na
,,,,,,,,,,,,,,,,,,,,,,,,,,,,,,,,,,,,,,
,..,..,..,..,..,..,..,..,..,..,..,..,..,..,..,..,..,..,..,..,..,..,..,..,..,..,..,,56,62,67,61,66,67,na,na,na,na
